[{"name":"class ActuacioRecyclerAdapter : RecyclerView.Adapter<ActuacioRecyclerAdapter.ViewHolder> ","description":"cat.copernic.bergants.adapter.ActuacioRecyclerAdapter","location":"app/cat.copernic.bergants.adapter/-actuacio-recycler-adapter/index.html","searchKeys":["ActuacioRecyclerAdapter","class ActuacioRecyclerAdapter : RecyclerView.Adapter<ActuacioRecyclerAdapter.ViewHolder> ","cat.copernic.bergants.adapter.ActuacioRecyclerAdapter"]},{"name":"class AfegirActuacio : Fragment","description":"cat.copernic.bergants.AfegirActuacio","location":"app/cat.copernic.bergants/-afegir-actuacio/index.html","searchKeys":["AfegirActuacio","class AfegirActuacio : Fragment","cat.copernic.bergants.AfegirActuacio"]},{"name":"class AfegirAssaig : Fragment","description":"cat.copernic.bergants.AfegirAssaig","location":"app/cat.copernic.bergants/-afegir-assaig/index.html","searchKeys":["AfegirAssaig","class AfegirAssaig : Fragment","cat.copernic.bergants.AfegirAssaig"]},{"name":"class AfegirCotxe : Fragment","description":"cat.copernic.bergants.AfegirCotxe","location":"app/cat.copernic.bergants/-afegir-cotxe/index.html","searchKeys":["AfegirCotxe","class AfegirCotxe : Fragment","cat.copernic.bergants.AfegirCotxe"]},{"name":"class AfegirNoticia : Fragment","description":"cat.copernic.bergants.AfegirNoticia","location":"app/cat.copernic.bergants/-afegir-noticia/index.html","searchKeys":["AfegirNoticia","class AfegirNoticia : Fragment","cat.copernic.bergants.AfegirNoticia"]},{"name":"class AssaigRecyclerAdapter : RecyclerView.Adapter<AssaigRecyclerAdapter.ViewHolder> ","description":"cat.copernic.bergants.adapter.AssaigRecyclerAdapter","location":"app/cat.copernic.bergants.adapter/-assaig-recycler-adapter/index.html","searchKeys":["AssaigRecyclerAdapter","class AssaigRecyclerAdapter : RecyclerView.Adapter<AssaigRecyclerAdapter.ViewHolder> ","cat.copernic.bergants.adapter.AssaigRecyclerAdapter"]},{"name":"class AssaigRepository","description":"cat.copernic.bergants.repository.AssaigRepository","location":"app/cat.copernic.bergants.repository/-assaig-repository/index.html","searchKeys":["AssaigRepository","class AssaigRepository","cat.copernic.bergants.repository.AssaigRepository"]},{"name":"class AssaigViewModel : ViewModel","description":"cat.copernic.bergants.model.AssaigViewModel","location":"app/cat.copernic.bergants.model/-assaig-view-model/index.html","searchKeys":["AssaigViewModel","class AssaigViewModel : ViewModel","cat.copernic.bergants.model.AssaigViewModel"]},{"name":"class Configuracio : Fragment","description":"cat.copernic.bergants.Configuracio","location":"app/cat.copernic.bergants/-configuracio/index.html","searchKeys":["Configuracio","class Configuracio : Fragment","cat.copernic.bergants.Configuracio"]},{"name":"class GalleryFragment : Fragment","description":"cat.copernic.bergants.ui.gallery.GalleryFragment","location":"app/cat.copernic.bergants.ui.gallery/-gallery-fragment/index.html","searchKeys":["GalleryFragment","class GalleryFragment : Fragment","cat.copernic.bergants.ui.gallery.GalleryFragment"]},{"name":"class HomeFragment : Fragment","description":"cat.copernic.bergants.ui.home.HomeFragment","location":"app/cat.copernic.bergants.ui.home/-home-fragment/index.html","searchKeys":["HomeFragment","class HomeFragment : Fragment","cat.copernic.bergants.ui.home.HomeFragment"]},{"name":"class InformacioActuacio : Fragment","description":"cat.copernic.bergants.InformacioActuacio","location":"app/cat.copernic.bergants/-informacio-actuacio/index.html","searchKeys":["InformacioActuacio","class InformacioActuacio : Fragment","cat.copernic.bergants.InformacioActuacio"]},{"name":"class InformacioAssaig : Fragment","description":"cat.copernic.bergants.InformacioAssaig","location":"app/cat.copernic.bergants/-informacio-assaig/index.html","searchKeys":["InformacioAssaig","class InformacioAssaig : Fragment","cat.copernic.bergants.InformacioAssaig"]},{"name":"class InformacioAssaigAdminPinyes : Fragment","description":"cat.copernic.bergants.InformacioAssaigAdminPinyes","location":"app/cat.copernic.bergants/-informacio-assaig-admin-pinyes/index.html","searchKeys":["InformacioAssaigAdminPinyes","class InformacioAssaigAdminPinyes : Fragment","cat.copernic.bergants.InformacioAssaigAdminPinyes"]},{"name":"class Login : AppCompatActivity","description":"cat.copernic.bergants.Login","location":"app/cat.copernic.bergants/-login/index.html","searchKeys":["Login","class Login : AppCompatActivity","cat.copernic.bergants.Login"]},{"name":"class MainActivity : AppCompatActivity","description":"cat.copernic.bergants.MainActivity","location":"app/cat.copernic.bergants/-main-activity/index.html","searchKeys":["MainActivity","class MainActivity : AppCompatActivity","cat.copernic.bergants.MainActivity"]},{"name":"class MembreRecyclerAdapter : RecyclerView.Adapter<MembreRecyclerAdapter.ViewHolder> ","description":"cat.copernic.bergants.adapter.MembreRecyclerAdapter","location":"app/cat.copernic.bergants.adapter/-membre-recycler-adapter/index.html","searchKeys":["MembreRecyclerAdapter","class MembreRecyclerAdapter : RecyclerView.Adapter<MembreRecyclerAdapter.ViewHolder> ","cat.copernic.bergants.adapter.MembreRecyclerAdapter"]},{"name":"class MyAdapter : RecyclerView.Adapter<MyAdapter.MyViewHolder> ","description":"cat.copernic.bergants.adapter.MyAdapter","location":"app/cat.copernic.bergants.adapter/-my-adapter/index.html","searchKeys":["MyAdapter","class MyAdapter : RecyclerView.Adapter<MyAdapter.MyViewHolder> ","cat.copernic.bergants.adapter.MyAdapter"]},{"name":"class MyViewHolder(itemView: View) : RecyclerView.ViewHolder","description":"cat.copernic.bergants.adapter.MyAdapter.MyViewHolder","location":"app/cat.copernic.bergants.adapter/-my-adapter/-my-view-holder/index.html","searchKeys":["MyViewHolder","class MyViewHolder(itemView: View) : RecyclerView.ViewHolder","cat.copernic.bergants.adapter.MyAdapter.MyViewHolder"]},{"name":"class NoticiaRecyclerAdapter : RecyclerView.Adapter<NoticiaRecyclerAdapter.ViewHolder> ","description":"cat.copernic.bergants.adapter.NoticiaRecyclerAdapter","location":"app/cat.copernic.bergants.adapter/-noticia-recycler-adapter/index.html","searchKeys":["NoticiaRecyclerAdapter","class NoticiaRecyclerAdapter : RecyclerView.Adapter<NoticiaRecyclerAdapter.ViewHolder> ","cat.copernic.bergants.adapter.NoticiaRecyclerAdapter"]},{"name":"class RecuperarContrasenya : AppCompatActivity","description":"cat.copernic.bergants.RecuperarContrasenya","location":"app/cat.copernic.bergants/-recuperar-contrasenya/index.html","searchKeys":["RecuperarContrasenya","class RecuperarContrasenya : AppCompatActivity","cat.copernic.bergants.RecuperarContrasenya"]},{"name":"class SlideshowFragment : Fragment","description":"cat.copernic.bergants.ui.slideshow.SlideshowFragment","location":"app/cat.copernic.bergants.ui.slideshow/-slideshow-fragment/index.html","searchKeys":["SlideshowFragment","class SlideshowFragment : Fragment","cat.copernic.bergants.ui.slideshow.SlideshowFragment"]},{"name":"class SplashActivity : AppCompatActivity","description":"cat.copernic.bergants.SplashActivity","location":"app/cat.copernic.bergants/-splash-activity/index.html","searchKeys":["SplashActivity","class SplashActivity : AppCompatActivity","cat.copernic.bergants.SplashActivity"]},{"name":"class UnirseCotxe : Fragment","description":"cat.copernic.bergants.UnirseCotxe","location":"app/cat.copernic.bergants/-unirse-cotxe/index.html","searchKeys":["UnirseCotxe","class UnirseCotxe : Fragment","cat.copernic.bergants.UnirseCotxe"]},{"name":"class Utilities","description":"cat.copernic.bergants.Utilities","location":"app/cat.copernic.bergants/-utilities/index.html","searchKeys":["Utilities","class Utilities","cat.copernic.bergants.Utilities"]},{"name":"class ViewHolder(val binding: <Error class: unknown class>) : RecyclerView.ViewHolder","description":"cat.copernic.bergants.adapter.ActuacioRecyclerAdapter.ViewHolder","location":"app/cat.copernic.bergants.adapter/-actuacio-recycler-adapter/-view-holder/index.html","searchKeys":["ViewHolder","class ViewHolder(val binding: <Error class: unknown class>) : RecyclerView.ViewHolder","cat.copernic.bergants.adapter.ActuacioRecyclerAdapter.ViewHolder"]},{"name":"class ViewHolder(val binding: <Error class: unknown class>) : RecyclerView.ViewHolder","description":"cat.copernic.bergants.adapter.AssaigRecyclerAdapter.ViewHolder","location":"app/cat.copernic.bergants.adapter/-assaig-recycler-adapter/-view-holder/index.html","searchKeys":["ViewHolder","class ViewHolder(val binding: <Error class: unknown class>) : RecyclerView.ViewHolder","cat.copernic.bergants.adapter.AssaigRecyclerAdapter.ViewHolder"]},{"name":"class ViewHolder(val binding: <Error class: unknown class>) : RecyclerView.ViewHolder","description":"cat.copernic.bergants.adapter.MembreRecyclerAdapter.ViewHolder","location":"app/cat.copernic.bergants.adapter/-membre-recycler-adapter/-view-holder/index.html","searchKeys":["ViewHolder","class ViewHolder(val binding: <Error class: unknown class>) : RecyclerView.ViewHolder","cat.copernic.bergants.adapter.MembreRecyclerAdapter.ViewHolder"]},{"name":"class ViewHolder(val binding: <Error class: unknown class>) : RecyclerView.ViewHolder","description":"cat.copernic.bergants.adapter.NoticiaRecyclerAdapter.ViewHolder","location":"app/cat.copernic.bergants.adapter/-noticia-recycler-adapter/-view-holder/index.html","searchKeys":["ViewHolder","class ViewHolder(val binding: <Error class: unknown class>) : RecyclerView.ViewHolder","cat.copernic.bergants.adapter.NoticiaRecyclerAdapter.ViewHolder"]},{"name":"class actuacio : Fragment","description":"cat.copernic.bergants.actuacio","location":"app/cat.copernic.bergants/actuacio/index.html","searchKeys":["actuacio","class actuacio : Fragment","cat.copernic.bergants.actuacio"]},{"name":"class afegirMembre : Fragment","description":"cat.copernic.bergants.afegirMembre","location":"app/cat.copernic.bergants/afegir-membre/index.html","searchKeys":["afegirMembre","class afegirMembre : Fragment","cat.copernic.bergants.afegirMembre"]},{"name":"class afegir_actuacio_bus : Fragment","description":"cat.copernic.bergants.afegir_actuacio_bus","location":"app/cat.copernic.bergants/afegir_actuacio_bus/index.html","searchKeys":["afegir_actuacio_bus","class afegir_actuacio_bus : Fragment","cat.copernic.bergants.afegir_actuacio_bus"]},{"name":"class assajos : Fragment","description":"cat.copernic.bergants.assajos","location":"app/cat.copernic.bergants/assajos/index.html","searchKeys":["assajos","class assajos : Fragment","cat.copernic.bergants.assajos"]},{"name":"class editarMembre : Fragment","description":"cat.copernic.bergants.editarMembre","location":"app/cat.copernic.bergants/editar-membre/index.html","searchKeys":["editarMembre","class editarMembre : Fragment","cat.copernic.bergants.editarMembre"]},{"name":"class editar_actuacio : Fragment","description":"cat.copernic.bergants.editar_actuacio","location":"app/cat.copernic.bergants/editar_actuacio/index.html","searchKeys":["editar_actuacio","class editar_actuacio : Fragment","cat.copernic.bergants.editar_actuacio"]},{"name":"class editar_assaig : Fragment","description":"cat.copernic.bergants.editar_assaig","location":"app/cat.copernic.bergants/editar_assaig/index.html","searchKeys":["editar_assaig","class editar_assaig : Fragment","cat.copernic.bergants.editar_assaig"]},{"name":"class editar_cotxe : Fragment","description":"cat.copernic.bergants.editar_cotxe","location":"app/cat.copernic.bergants/editar_cotxe/index.html","searchKeys":["editar_cotxe","class editar_cotxe : Fragment","cat.copernic.bergants.editar_cotxe"]},{"name":"class editar_noticia : Fragment","description":"cat.copernic.bergants.editar_noticia","location":"app/cat.copernic.bergants/editar_noticia/index.html","searchKeys":["editar_noticia","class editar_noticia : Fragment","cat.copernic.bergants.editar_noticia"]},{"name":"class membres : Fragment","description":"cat.copernic.bergants.membres","location":"app/cat.copernic.bergants/membres/index.html","searchKeys":["membres","class membres : Fragment","cat.copernic.bergants.membres"]},{"name":"class noticia_canvi : Fragment","description":"cat.copernic.bergants.noticia_canvi","location":"app/cat.copernic.bergants/noticia_canvi/index.html","searchKeys":["noticia_canvi","class noticia_canvi : Fragment","cat.copernic.bergants.noticia_canvi"]},{"name":"class perfil : Fragment","description":"cat.copernic.bergants.perfil","location":"app/cat.copernic.bergants/perfil/index.html","searchKeys":["perfil","class perfil : Fragment","cat.copernic.bergants.perfil"]},{"name":"data class ActuacioBusModel(val titolActuacio: String, val dataActuacio: String, val llocActuacio: String, val autocar: ArrayList<BusModel>)","description":"cat.copernic.bergants.model.ActuacioBusModel","location":"app/cat.copernic.bergants.model/-actuacio-bus-model/index.html","searchKeys":["ActuacioBusModel","data class ActuacioBusModel(val titolActuacio: String, val dataActuacio: String, val llocActuacio: String, val autocar: ArrayList<BusModel>)","cat.copernic.bergants.model.ActuacioBusModel"]},{"name":"data class ActuacioModel(val title: String, val data: String, val lloc: String) : Serializable","description":"cat.copernic.bergants.model.ActuacioModel","location":"app/cat.copernic.bergants.model/-actuacio-model/index.html","searchKeys":["ActuacioModel","data class ActuacioModel(val title: String, val data: String, val lloc: String) : Serializable","cat.copernic.bergants.model.ActuacioModel"]},{"name":"data class AssaigModel(val title: String, val data: String, val lloc: String) : Serializable","description":"cat.copernic.bergants.model.AssaigModel","location":"app/cat.copernic.bergants.model/-assaig-model/index.html","searchKeys":["AssaigModel","data class AssaigModel(val title: String, val data: String, val lloc: String) : Serializable","cat.copernic.bergants.model.AssaigModel"]},{"name":"data class BusModel(val ubicacioBus: String, val horariBus: String, val placesBus: String)","description":"cat.copernic.bergants.model.BusModel","location":"app/cat.copernic.bergants.model/-bus-model/index.html","searchKeys":["BusModel","data class BusModel(val ubicacioBus: String, val horariBus: String, val placesBus: String)","cat.copernic.bergants.model.BusModel"]},{"name":"data class Membre(val nom: String, val foto: String)","description":"cat.copernic.bergants.Membre","location":"app/cat.copernic.bergants/-membre/index.html","searchKeys":["Membre","data class Membre(val nom: String, val foto: String)","cat.copernic.bergants.Membre"]},{"name":"data class MembreModel(val name: String, val malname: String, val espatlles: String, val mans: String, val email: String, val adress: String, val telefon: String, val rol: String, val date: String) : Serializable","description":"cat.copernic.bergants.model.MembreModel","location":"app/cat.copernic.bergants.model/-membre-model/index.html","searchKeys":["MembreModel","data class MembreModel(val name: String, val malname: String, val espatlles: String, val mans: String, val email: String, val adress: String, val telefon: String, val rol: String, val date: String) : Serializable","cat.copernic.bergants.model.MembreModel"]},{"name":"data class NoticiaModel(var title: String, var content: String, var date: String) : Serializable","description":"cat.copernic.bergants.model.NoticiaModel","location":"app/cat.copernic.bergants.model/-noticia-model/index.html","searchKeys":["NoticiaModel","data class NoticiaModel(var title: String, var content: String, var date: String) : Serializable","cat.copernic.bergants.model.NoticiaModel"]},{"name":"fun ActuacioBusModel(titolActuacio: String, dataActuacio: String, llocActuacio: String, autocar: ArrayList<BusModel>)","description":"cat.copernic.bergants.model.ActuacioBusModel.ActuacioBusModel","location":"app/cat.copernic.bergants.model/-actuacio-bus-model/-actuacio-bus-model.html","searchKeys":["ActuacioBusModel","fun ActuacioBusModel(titolActuacio: String, dataActuacio: String, llocActuacio: String, autocar: ArrayList<BusModel>)","cat.copernic.bergants.model.ActuacioBusModel.ActuacioBusModel"]},{"name":"fun ActuacioModel(title: String, data: String, lloc: String)","description":"cat.copernic.bergants.model.ActuacioModel.ActuacioModel","location":"app/cat.copernic.bergants.model/-actuacio-model/-actuacio-model.html","searchKeys":["ActuacioModel","fun ActuacioModel(title: String, data: String, lloc: String)","cat.copernic.bergants.model.ActuacioModel.ActuacioModel"]},{"name":"fun ActuacioRecyclerAdapter()","description":"cat.copernic.bergants.adapter.ActuacioRecyclerAdapter.ActuacioRecyclerAdapter","location":"app/cat.copernic.bergants.adapter/-actuacio-recycler-adapter/-actuacio-recycler-adapter.html","searchKeys":["ActuacioRecyclerAdapter","fun ActuacioRecyclerAdapter()","cat.copernic.bergants.adapter.ActuacioRecyclerAdapter.ActuacioRecyclerAdapter"]},{"name":"fun ActuacioRecyclerAdapter(actuacionsList: MutableList<ActuacioModel>, contxt: Context)","description":"cat.copernic.bergants.adapter.ActuacioRecyclerAdapter.ActuacioRecyclerAdapter","location":"app/cat.copernic.bergants.adapter/-actuacio-recycler-adapter/-actuacio-recycler-adapter.html","searchKeys":["ActuacioRecyclerAdapter","fun ActuacioRecyclerAdapter(actuacionsList: MutableList<ActuacioModel>, contxt: Context)","cat.copernic.bergants.adapter.ActuacioRecyclerAdapter.ActuacioRecyclerAdapter"]},{"name":"fun AfegirActuacio()","description":"cat.copernic.bergants.AfegirActuacio.AfegirActuacio","location":"app/cat.copernic.bergants/-afegir-actuacio/-afegir-actuacio.html","searchKeys":["AfegirActuacio","fun AfegirActuacio()","cat.copernic.bergants.AfegirActuacio.AfegirActuacio"]},{"name":"fun AfegirAssaig()","description":"cat.copernic.bergants.AfegirAssaig.AfegirAssaig","location":"app/cat.copernic.bergants/-afegir-assaig/-afegir-assaig.html","searchKeys":["AfegirAssaig","fun AfegirAssaig()","cat.copernic.bergants.AfegirAssaig.AfegirAssaig"]},{"name":"fun AfegirCotxe()","description":"cat.copernic.bergants.AfegirCotxe.AfegirCotxe","location":"app/cat.copernic.bergants/-afegir-cotxe/-afegir-cotxe.html","searchKeys":["AfegirCotxe","fun AfegirCotxe()","cat.copernic.bergants.AfegirCotxe.AfegirCotxe"]},{"name":"fun AfegirNoticia()","description":"cat.copernic.bergants.AfegirNoticia.AfegirNoticia","location":"app/cat.copernic.bergants/-afegir-noticia/-afegir-noticia.html","searchKeys":["AfegirNoticia","fun AfegirNoticia()","cat.copernic.bergants.AfegirNoticia.AfegirNoticia"]},{"name":"fun AssaigModel(title: String, data: String, lloc: String)","description":"cat.copernic.bergants.model.AssaigModel.AssaigModel","location":"app/cat.copernic.bergants.model/-assaig-model/-assaig-model.html","searchKeys":["AssaigModel","fun AssaigModel(title: String, data: String, lloc: String)","cat.copernic.bergants.model.AssaigModel.AssaigModel"]},{"name":"fun AssaigRecyclerAdapter()","description":"cat.copernic.bergants.adapter.AssaigRecyclerAdapter.AssaigRecyclerAdapter","location":"app/cat.copernic.bergants.adapter/-assaig-recycler-adapter/-assaig-recycler-adapter.html","searchKeys":["AssaigRecyclerAdapter","fun AssaigRecyclerAdapter()","cat.copernic.bergants.adapter.AssaigRecyclerAdapter.AssaigRecyclerAdapter"]},{"name":"fun AssaigRecyclerAdapter(assajosList: MutableList<AssaigModel>, contxt: Context)","description":"cat.copernic.bergants.adapter.AssaigRecyclerAdapter.AssaigRecyclerAdapter","location":"app/cat.copernic.bergants.adapter/-assaig-recycler-adapter/-assaig-recycler-adapter.html","searchKeys":["AssaigRecyclerAdapter","fun AssaigRecyclerAdapter(assajosList: MutableList<AssaigModel>, contxt: Context)","cat.copernic.bergants.adapter.AssaigRecyclerAdapter.AssaigRecyclerAdapter"]},{"name":"fun AssaigRepository()","description":"cat.copernic.bergants.repository.AssaigRepository.AssaigRepository","location":"app/cat.copernic.bergants.repository/-assaig-repository/-assaig-repository.html","searchKeys":["AssaigRepository","fun AssaigRepository()","cat.copernic.bergants.repository.AssaigRepository.AssaigRepository"]},{"name":"fun AssaigViewModel()","description":"cat.copernic.bergants.model.AssaigViewModel.AssaigViewModel","location":"app/cat.copernic.bergants.model/-assaig-view-model/-assaig-view-model.html","searchKeys":["AssaigViewModel","fun AssaigViewModel()","cat.copernic.bergants.model.AssaigViewModel.AssaigViewModel"]},{"name":"fun BusModel(ubicacioBus: String, horariBus: String, placesBus: String)","description":"cat.copernic.bergants.model.BusModel.BusModel","location":"app/cat.copernic.bergants.model/-bus-model/-bus-model.html","searchKeys":["BusModel","fun BusModel(ubicacioBus: String, horariBus: String, placesBus: String)","cat.copernic.bergants.model.BusModel.BusModel"]},{"name":"fun Configuracio()","description":"cat.copernic.bergants.Configuracio.Configuracio","location":"app/cat.copernic.bergants/-configuracio/-configuracio.html","searchKeys":["Configuracio","fun Configuracio()","cat.copernic.bergants.Configuracio.Configuracio"]},{"name":"fun GalleryFragment()","description":"cat.copernic.bergants.ui.gallery.GalleryFragment.GalleryFragment","location":"app/cat.copernic.bergants.ui.gallery/-gallery-fragment/-gallery-fragment.html","searchKeys":["GalleryFragment","fun GalleryFragment()","cat.copernic.bergants.ui.gallery.GalleryFragment.GalleryFragment"]},{"name":"fun HomeFragment()","description":"cat.copernic.bergants.ui.home.HomeFragment.HomeFragment","location":"app/cat.copernic.bergants.ui.home/-home-fragment/-home-fragment.html","searchKeys":["HomeFragment","fun HomeFragment()","cat.copernic.bergants.ui.home.HomeFragment.HomeFragment"]},{"name":"fun InformacioActuacio()","description":"cat.copernic.bergants.InformacioActuacio.InformacioActuacio","location":"app/cat.copernic.bergants/-informacio-actuacio/-informacio-actuacio.html","searchKeys":["InformacioActuacio","fun InformacioActuacio()","cat.copernic.bergants.InformacioActuacio.InformacioActuacio"]},{"name":"fun InformacioAssaig()","description":"cat.copernic.bergants.InformacioAssaig.InformacioAssaig","location":"app/cat.copernic.bergants/-informacio-assaig/-informacio-assaig.html","searchKeys":["InformacioAssaig","fun InformacioAssaig()","cat.copernic.bergants.InformacioAssaig.InformacioAssaig"]},{"name":"fun InformacioAssaigAdminPinyes()","description":"cat.copernic.bergants.InformacioAssaigAdminPinyes.InformacioAssaigAdminPinyes","location":"app/cat.copernic.bergants/-informacio-assaig-admin-pinyes/-informacio-assaig-admin-pinyes.html","searchKeys":["InformacioAssaigAdminPinyes","fun InformacioAssaigAdminPinyes()","cat.copernic.bergants.InformacioAssaigAdminPinyes.InformacioAssaigAdminPinyes"]},{"name":"fun Login()","description":"cat.copernic.bergants.Login.Login","location":"app/cat.copernic.bergants/-login/-login.html","searchKeys":["Login","fun Login()","cat.copernic.bergants.Login.Login"]},{"name":"fun MainActivity()","description":"cat.copernic.bergants.MainActivity.MainActivity","location":"app/cat.copernic.bergants/-main-activity/-main-activity.html","searchKeys":["MainActivity","fun MainActivity()","cat.copernic.bergants.MainActivity.MainActivity"]},{"name":"fun Membre(nom: String, foto: String)","description":"cat.copernic.bergants.Membre.Membre","location":"app/cat.copernic.bergants/-membre/-membre.html","searchKeys":["Membre","fun Membre(nom: String, foto: String)","cat.copernic.bergants.Membre.Membre"]},{"name":"fun MembreModel(name: String, malname: String, espatlles: String, mans: String, email: String, adress: String, telefon: String, rol: String, date: String)","description":"cat.copernic.bergants.model.MembreModel.MembreModel","location":"app/cat.copernic.bergants.model/-membre-model/-membre-model.html","searchKeys":["MembreModel","fun MembreModel(name: String, malname: String, espatlles: String, mans: String, email: String, adress: String, telefon: String, rol: String, date: String)","cat.copernic.bergants.model.MembreModel.MembreModel"]},{"name":"fun MembreRecyclerAdapter()","description":"cat.copernic.bergants.adapter.MembreRecyclerAdapter.MembreRecyclerAdapter","location":"app/cat.copernic.bergants.adapter/-membre-recycler-adapter/-membre-recycler-adapter.html","searchKeys":["MembreRecyclerAdapter","fun MembreRecyclerAdapter()","cat.copernic.bergants.adapter.MembreRecyclerAdapter.MembreRecyclerAdapter"]},{"name":"fun MembreRecyclerAdapter(membreList: MutableList<Membre>, contxt: Context)","description":"cat.copernic.bergants.adapter.MembreRecyclerAdapter.MembreRecyclerAdapter","location":"app/cat.copernic.bergants.adapter/-membre-recycler-adapter/-membre-recycler-adapter.html","searchKeys":["MembreRecyclerAdapter","fun MembreRecyclerAdapter(membreList: MutableList<Membre>, contxt: Context)","cat.copernic.bergants.adapter.MembreRecyclerAdapter.MembreRecyclerAdapter"]},{"name":"fun MyAdapter()","description":"cat.copernic.bergants.adapter.MyAdapter.MyAdapter","location":"app/cat.copernic.bergants.adapter/-my-adapter/-my-adapter.html","searchKeys":["MyAdapter","fun MyAdapter()","cat.copernic.bergants.adapter.MyAdapter.MyAdapter"]},{"name":"fun MyViewHolder(itemView: View)","description":"cat.copernic.bergants.adapter.MyAdapter.MyViewHolder.MyViewHolder","location":"app/cat.copernic.bergants.adapter/-my-adapter/-my-view-holder/-my-view-holder.html","searchKeys":["MyViewHolder","fun MyViewHolder(itemView: View)","cat.copernic.bergants.adapter.MyAdapter.MyViewHolder.MyViewHolder"]},{"name":"fun NoticiaModel(title: String, content: String, date: String)","description":"cat.copernic.bergants.model.NoticiaModel.NoticiaModel","location":"app/cat.copernic.bergants.model/-noticia-model/-noticia-model.html","searchKeys":["NoticiaModel","fun NoticiaModel(title: String, content: String, date: String)","cat.copernic.bergants.model.NoticiaModel.NoticiaModel"]},{"name":"fun NoticiaRecyclerAdapter()","description":"cat.copernic.bergants.adapter.NoticiaRecyclerAdapter.NoticiaRecyclerAdapter","location":"app/cat.copernic.bergants.adapter/-noticia-recycler-adapter/-noticia-recycler-adapter.html","searchKeys":["NoticiaRecyclerAdapter","fun NoticiaRecyclerAdapter()","cat.copernic.bergants.adapter.NoticiaRecyclerAdapter.NoticiaRecyclerAdapter"]},{"name":"fun NoticiesRecyclerAdapter(noticiesList: MutableList<NoticiaModel>, contxt: Context)","description":"cat.copernic.bergants.adapter.NoticiaRecyclerAdapter.NoticiesRecyclerAdapter","location":"app/cat.copernic.bergants.adapter/-noticia-recycler-adapter/-noticies-recycler-adapter.html","searchKeys":["NoticiesRecyclerAdapter","fun NoticiesRecyclerAdapter(noticiesList: MutableList<NoticiaModel>, contxt: Context)","cat.copernic.bergants.adapter.NoticiaRecyclerAdapter.NoticiesRecyclerAdapter"]},{"name":"fun RecuperarContrasenya()","description":"cat.copernic.bergants.RecuperarContrasenya.RecuperarContrasenya","location":"app/cat.copernic.bergants/-recuperar-contrasenya/-recuperar-contrasenya.html","searchKeys":["RecuperarContrasenya","fun RecuperarContrasenya()","cat.copernic.bergants.RecuperarContrasenya.RecuperarContrasenya"]},{"name":"fun SlideshowFragment()","description":"cat.copernic.bergants.ui.slideshow.SlideshowFragment.SlideshowFragment","location":"app/cat.copernic.bergants.ui.slideshow/-slideshow-fragment/-slideshow-fragment.html","searchKeys":["SlideshowFragment","fun SlideshowFragment()","cat.copernic.bergants.ui.slideshow.SlideshowFragment.SlideshowFragment"]},{"name":"fun SplashActivity()","description":"cat.copernic.bergants.SplashActivity.SplashActivity","location":"app/cat.copernic.bergants/-splash-activity/-splash-activity.html","searchKeys":["SplashActivity","fun SplashActivity()","cat.copernic.bergants.SplashActivity.SplashActivity"]},{"name":"fun UnirseCotxe()","description":"cat.copernic.bergants.UnirseCotxe.UnirseCotxe","location":"app/cat.copernic.bergants/-unirse-cotxe/-unirse-cotxe.html","searchKeys":["UnirseCotxe","fun UnirseCotxe()","cat.copernic.bergants.UnirseCotxe.UnirseCotxe"]},{"name":"fun Utilities()","description":"cat.copernic.bergants.Utilities.Utilities","location":"app/cat.copernic.bergants/-utilities/-utilities.html","searchKeys":["Utilities","fun Utilities()","cat.copernic.bergants.Utilities.Utilities"]},{"name":"fun View.snack(message: String)","description":"cat.copernic.bergants.Utilities.snack","location":"app/cat.copernic.bergants/-utilities/snack.html","searchKeys":["snack","fun View.snack(message: String)","cat.copernic.bergants.Utilities.snack"]},{"name":"fun ViewHolder(binding: <Error class: unknown class>)","description":"cat.copernic.bergants.adapter.ActuacioRecyclerAdapter.ViewHolder.ViewHolder","location":"app/cat.copernic.bergants.adapter/-actuacio-recycler-adapter/-view-holder/-view-holder.html","searchKeys":["ViewHolder","fun ViewHolder(binding: <Error class: unknown class>)","cat.copernic.bergants.adapter.ActuacioRecyclerAdapter.ViewHolder.ViewHolder"]},{"name":"fun ViewHolder(binding: <Error class: unknown class>)","description":"cat.copernic.bergants.adapter.AssaigRecyclerAdapter.ViewHolder.ViewHolder","location":"app/cat.copernic.bergants.adapter/-assaig-recycler-adapter/-view-holder/-view-holder.html","searchKeys":["ViewHolder","fun ViewHolder(binding: <Error class: unknown class>)","cat.copernic.bergants.adapter.AssaigRecyclerAdapter.ViewHolder.ViewHolder"]},{"name":"fun ViewHolder(binding: <Error class: unknown class>)","description":"cat.copernic.bergants.adapter.MembreRecyclerAdapter.ViewHolder.ViewHolder","location":"app/cat.copernic.bergants.adapter/-membre-recycler-adapter/-view-holder/-view-holder.html","searchKeys":["ViewHolder","fun ViewHolder(binding: <Error class: unknown class>)","cat.copernic.bergants.adapter.MembreRecyclerAdapter.ViewHolder.ViewHolder"]},{"name":"fun ViewHolder(binding: <Error class: unknown class>)","description":"cat.copernic.bergants.adapter.NoticiaRecyclerAdapter.ViewHolder.ViewHolder","location":"app/cat.copernic.bergants.adapter/-noticia-recycler-adapter/-view-holder/-view-holder.html","searchKeys":["ViewHolder","fun ViewHolder(binding: <Error class: unknown class>)","cat.copernic.bergants.adapter.NoticiaRecyclerAdapter.ViewHolder.ViewHolder"]},{"name":"fun actuacio()","description":"cat.copernic.bergants.actuacio.actuacio","location":"app/cat.copernic.bergants/actuacio/actuacio.html","searchKeys":["actuacio","fun actuacio()","cat.copernic.bergants.actuacio.actuacio"]},{"name":"fun afegirActuacio(actuacio: ActuacioBusModel)","description":"cat.copernic.bergants.afegir_actuacio_bus.afegirActuacio","location":"app/cat.copernic.bergants/afegir_actuacio_bus/afegir-actuacio.html","searchKeys":["afegirActuacio","fun afegirActuacio(actuacio: ActuacioBusModel)","cat.copernic.bergants.afegir_actuacio_bus.afegirActuacio"]},{"name":"fun afegirActuacio(actuacio: ActuacioModel)","description":"cat.copernic.bergants.AfegirActuacio.afegirActuacio","location":"app/cat.copernic.bergants/-afegir-actuacio/afegir-actuacio.html","searchKeys":["afegirActuacio","fun afegirActuacio(actuacio: ActuacioModel)","cat.copernic.bergants.AfegirActuacio.afegirActuacio"]},{"name":"fun afegirAssaig(assaig: AssaigModel)","description":"cat.copernic.bergants.AfegirAssaig.afegirAssaig","location":"app/cat.copernic.bergants/-afegir-assaig/afegir-assaig.html","searchKeys":["afegirAssaig","fun afegirAssaig(assaig: AssaigModel)","cat.copernic.bergants.AfegirAssaig.afegirAssaig"]},{"name":"fun afegirMembre()","description":"cat.copernic.bergants.afegirMembre.afegirMembre","location":"app/cat.copernic.bergants/afegir-membre/afegir-membre.html","searchKeys":["afegirMembre","fun afegirMembre()","cat.copernic.bergants.afegirMembre.afegirMembre"]},{"name":"fun afegirMembre(membre: MembreModel)","description":"cat.copernic.bergants.afegirMembre.afegirMembre","location":"app/cat.copernic.bergants/afegir-membre/afegir-membre.html","searchKeys":["afegirMembre","fun afegirMembre(membre: MembreModel)","cat.copernic.bergants.afegirMembre.afegirMembre"]},{"name":"fun afegirNoticia(noticia: NoticiaModel)","description":"cat.copernic.bergants.AfegirNoticia.afegirNoticia","location":"app/cat.copernic.bergants/-afegir-noticia/afegir-noticia.html","searchKeys":["afegirNoticia","fun afegirNoticia(noticia: NoticiaModel)","cat.copernic.bergants.AfegirNoticia.afegirNoticia"]},{"name":"fun afegir_actuacio_bus()","description":"cat.copernic.bergants.afegir_actuacio_bus.afegir_actuacio_bus","location":"app/cat.copernic.bergants/afegir_actuacio_bus/afegir_actuacio_bus.html","searchKeys":["afegir_actuacio_bus","fun afegir_actuacio_bus()","cat.copernic.bergants.afegir_actuacio_bus.afegir_actuacio_bus"]},{"name":"fun assajos()","description":"cat.copernic.bergants.assajos.assajos","location":"app/cat.copernic.bergants/assajos/assajos.html","searchKeys":["assajos","fun assajos()","cat.copernic.bergants.assajos.assajos"]},{"name":"fun bind(actuacio: ActuacioModel)","description":"cat.copernic.bergants.adapter.ActuacioRecyclerAdapter.ViewHolder.bind","location":"app/cat.copernic.bergants.adapter/-actuacio-recycler-adapter/-view-holder/bind.html","searchKeys":["bind","fun bind(actuacio: ActuacioModel)","cat.copernic.bergants.adapter.ActuacioRecyclerAdapter.ViewHolder.bind"]},{"name":"fun bind(assaig: AssaigModel)","description":"cat.copernic.bergants.adapter.AssaigRecyclerAdapter.ViewHolder.bind","location":"app/cat.copernic.bergants.adapter/-assaig-recycler-adapter/-view-holder/bind.html","searchKeys":["bind","fun bind(assaig: AssaigModel)","cat.copernic.bergants.adapter.AssaigRecyclerAdapter.ViewHolder.bind"]},{"name":"fun bind(membre: Membre)","description":"cat.copernic.bergants.adapter.MembreRecyclerAdapter.ViewHolder.bind","location":"app/cat.copernic.bergants.adapter/-membre-recycler-adapter/-view-holder/bind.html","searchKeys":["bind","fun bind(membre: Membre)","cat.copernic.bergants.adapter.MembreRecyclerAdapter.ViewHolder.bind"]},{"name":"fun bind(noticia: NoticiaModel)","description":"cat.copernic.bergants.adapter.NoticiaRecyclerAdapter.ViewHolder.bind","location":"app/cat.copernic.bergants.adapter/-noticia-recycler-adapter/-view-holder/bind.html","searchKeys":["bind","fun bind(noticia: NoticiaModel)","cat.copernic.bergants.adapter.NoticiaRecyclerAdapter.ViewHolder.bind"]},{"name":"fun campEsBuit(correu: String, contrasenya: String): Boolean","description":"cat.copernic.bergants.Login.campEsBuit","location":"app/cat.copernic.bergants/-login/camp-es-buit.html","searchKeys":["campEsBuit","fun campEsBuit(correu: String, contrasenya: String): Boolean","cat.copernic.bergants.Login.campEsBuit"]},{"name":"fun campEsBuit(correu: String, contrasenya: String): Boolean","description":"cat.copernic.bergants.Utilities.campEsBuit","location":"app/cat.copernic.bergants/-utilities/camp-es-buit.html","searchKeys":["campEsBuit","fun campEsBuit(correu: String, contrasenya: String): Boolean","cat.copernic.bergants.Utilities.campEsBuit"]},{"name":"fun carregarAssaig(assajos: MutableLiveData<List<AssaigModel>>)","description":"cat.copernic.bergants.repository.AssaigRepository.carregarAssaig","location":"app/cat.copernic.bergants.repository/-assaig-repository/carregar-assaig.html","searchKeys":["carregarAssaig","fun carregarAssaig(assajos: MutableLiveData<List<AssaigModel>>)","cat.copernic.bergants.repository.AssaigRepository.carregarAssaig"]},{"name":"fun editarMembre()","description":"cat.copernic.bergants.editarMembre.editarMembre","location":"app/cat.copernic.bergants/editar-membre/editar-membre.html","searchKeys":["editarMembre","fun editarMembre()","cat.copernic.bergants.editarMembre.editarMembre"]},{"name":"fun editar_actuacio()","description":"cat.copernic.bergants.editar_actuacio.editar_actuacio","location":"app/cat.copernic.bergants/editar_actuacio/editar_actuacio.html","searchKeys":["editar_actuacio","fun editar_actuacio()","cat.copernic.bergants.editar_actuacio.editar_actuacio"]},{"name":"fun editar_assaig()","description":"cat.copernic.bergants.editar_assaig.editar_assaig","location":"app/cat.copernic.bergants/editar_assaig/editar_assaig.html","searchKeys":["editar_assaig","fun editar_assaig()","cat.copernic.bergants.editar_assaig.editar_assaig"]},{"name":"fun editar_cotxe()","description":"cat.copernic.bergants.editar_cotxe.editar_cotxe","location":"app/cat.copernic.bergants/editar_cotxe/editar_cotxe.html","searchKeys":["editar_cotxe","fun editar_cotxe()","cat.copernic.bergants.editar_cotxe.editar_cotxe"]},{"name":"fun editar_noticia()","description":"cat.copernic.bergants.editar_noticia.editar_noticia","location":"app/cat.copernic.bergants/editar_noticia/editar_noticia.html","searchKeys":["editar_noticia","fun editar_noticia()","cat.copernic.bergants.editar_noticia.editar_noticia"]},{"name":"fun eliminarActuacio(titolActuacio: String)","description":"cat.copernic.bergants.editar_actuacio.eliminarActuacio","location":"app/cat.copernic.bergants/editar_actuacio/eliminar-actuacio.html","searchKeys":["eliminarActuacio","fun eliminarActuacio(titolActuacio: String)","cat.copernic.bergants.editar_actuacio.eliminarActuacio"]},{"name":"fun eliminarAssaig(titolAssaig: String)","description":"cat.copernic.bergants.editar_assaig.eliminarAssaig","location":"app/cat.copernic.bergants/editar_assaig/eliminar-assaig.html","searchKeys":["eliminarAssaig","fun eliminarAssaig(titolAssaig: String)","cat.copernic.bergants.editar_assaig.eliminarAssaig"]},{"name":"fun eliminarNoticia(titolNoticia: String)","description":"cat.copernic.bergants.editar_noticia.eliminarNoticia","location":"app/cat.copernic.bergants/editar_noticia/eliminar-noticia.html","searchKeys":["eliminarNoticia","fun eliminarNoticia(titolNoticia: String)","cat.copernic.bergants.editar_noticia.eliminarNoticia"]},{"name":"fun getInstance(): AssaigRepository","description":"cat.copernic.bergants.repository.AssaigRepository.getInstance","location":"app/cat.copernic.bergants.repository/-assaig-repository/get-instance.html","searchKeys":["getInstance","fun getInstance(): AssaigRepository","cat.copernic.bergants.repository.AssaigRepository.getInstance"]},{"name":"fun hideProgressBar()","description":"cat.copernic.bergants.Utilities.hideProgressBar","location":"app/cat.copernic.bergants/-utilities/hide-progress-bar.html","searchKeys":["hideProgressBar","fun hideProgressBar()","cat.copernic.bergants.Utilities.hideProgressBar"]},{"name":"fun isValidEmail(email: CharSequence?): Boolean","description":"cat.copernic.bergants.Utilities.isValidEmail","location":"app/cat.copernic.bergants/-utilities/is-valid-email.html","searchKeys":["isValidEmail","fun isValidEmail(email: CharSequence?): Boolean","cat.copernic.bergants.Utilities.isValidEmail"]},{"name":"fun llegirDades(): ActuacioBusModel","description":"cat.copernic.bergants.afegir_actuacio_bus.llegirDades","location":"app/cat.copernic.bergants/afegir_actuacio_bus/llegir-dades.html","searchKeys":["llegirDades","fun llegirDades(): ActuacioBusModel","cat.copernic.bergants.afegir_actuacio_bus.llegirDades"]},{"name":"fun llegirDades(): ActuacioModel","description":"cat.copernic.bergants.AfegirActuacio.llegirDades","location":"app/cat.copernic.bergants/-afegir-actuacio/llegir-dades.html","searchKeys":["llegirDades","fun llegirDades(): ActuacioModel","cat.copernic.bergants.AfegirActuacio.llegirDades"]},{"name":"fun llegirDades(): ActuacioModel","description":"cat.copernic.bergants.editar_actuacio.llegirDades","location":"app/cat.copernic.bergants/editar_actuacio/llegir-dades.html","searchKeys":["llegirDades","fun llegirDades(): ActuacioModel","cat.copernic.bergants.editar_actuacio.llegirDades"]},{"name":"fun llegirDades(): AssaigModel","description":"cat.copernic.bergants.AfegirAssaig.llegirDades","location":"app/cat.copernic.bergants/-afegir-assaig/llegir-dades.html","searchKeys":["llegirDades","fun llegirDades(): AssaigModel","cat.copernic.bergants.AfegirAssaig.llegirDades"]},{"name":"fun llegirDades(): AssaigModel","description":"cat.copernic.bergants.editar_assaig.llegirDades","location":"app/cat.copernic.bergants/editar_assaig/llegir-dades.html","searchKeys":["llegirDades","fun llegirDades(): AssaigModel","cat.copernic.bergants.editar_assaig.llegirDades"]},{"name":"fun llegirDades(): MembreModel","description":"cat.copernic.bergants.afegirMembre.llegirDades","location":"app/cat.copernic.bergants/afegir-membre/llegir-dades.html","searchKeys":["llegirDades","fun llegirDades(): MembreModel","cat.copernic.bergants.afegirMembre.llegirDades"]},{"name":"fun llegirDades(): NoticiaModel","description":"cat.copernic.bergants.AfegirNoticia.llegirDades","location":"app/cat.copernic.bergants/-afegir-noticia/llegir-dades.html","searchKeys":["llegirDades","fun llegirDades(): NoticiaModel","cat.copernic.bergants.AfegirNoticia.llegirDades"]},{"name":"fun llegirDades(): NoticiaModel","description":"cat.copernic.bergants.editar_noticia.llegirDades","location":"app/cat.copernic.bergants/editar_noticia/llegir-dades.html","searchKeys":["llegirDades","fun llegirDades(): NoticiaModel","cat.copernic.bergants.editar_noticia.llegirDades"]},{"name":"fun membres()","description":"cat.copernic.bergants.membres.membres","location":"app/cat.copernic.bergants/membres/membres.html","searchKeys":["membres","fun membres()","cat.copernic.bergants.membres.membres"]},{"name":"fun modificarActuacio(acutacio: ActuacioModel)","description":"cat.copernic.bergants.editar_actuacio.modificarActuacio","location":"app/cat.copernic.bergants/editar_actuacio/modificar-actuacio.html","searchKeys":["modificarActuacio","fun modificarActuacio(acutacio: ActuacioModel)","cat.copernic.bergants.editar_actuacio.modificarActuacio"]},{"name":"fun modificarAssaig(assaig: AssaigModel)","description":"cat.copernic.bergants.editar_assaig.modificarAssaig","location":"app/cat.copernic.bergants/editar_assaig/modificar-assaig.html","searchKeys":["modificarAssaig","fun modificarAssaig(assaig: AssaigModel)","cat.copernic.bergants.editar_assaig.modificarAssaig"]},{"name":"fun modificarNoticia(noticia: NoticiaModel)","description":"cat.copernic.bergants.editar_noticia.modificarNoticia","location":"app/cat.copernic.bergants/editar_noticia/modificar-noticia.html","searchKeys":["modificarNoticia","fun modificarNoticia(noticia: NoticiaModel)","cat.copernic.bergants.editar_noticia.modificarNoticia"]},{"name":"fun newInstance(param1: String, param2: String): AfegirCotxe","description":"cat.copernic.bergants.AfegirCotxe.Companion.newInstance","location":"app/cat.copernic.bergants/-afegir-cotxe/-companion/new-instance.html","searchKeys":["newInstance","fun newInstance(param1: String, param2: String): AfegirCotxe","cat.copernic.bergants.AfegirCotxe.Companion.newInstance"]},{"name":"fun newInstance(param1: String, param2: String): Configuracio","description":"cat.copernic.bergants.Configuracio.Companion.newInstance","location":"app/cat.copernic.bergants/-configuracio/-companion/new-instance.html","searchKeys":["newInstance","fun newInstance(param1: String, param2: String): Configuracio","cat.copernic.bergants.Configuracio.Companion.newInstance"]},{"name":"fun newInstance(param1: String, param2: String): UnirseCotxe","description":"cat.copernic.bergants.UnirseCotxe.Companion.newInstance","location":"app/cat.copernic.bergants/-unirse-cotxe/-companion/new-instance.html","searchKeys":["newInstance","fun newInstance(param1: String, param2: String): UnirseCotxe","cat.copernic.bergants.UnirseCotxe.Companion.newInstance"]},{"name":"fun newInstance(param1: String, param2: String): editarMembre","description":"cat.copernic.bergants.editarMembre.Companion.newInstance","location":"app/cat.copernic.bergants/editar-membre/-companion/new-instance.html","searchKeys":["newInstance","fun newInstance(param1: String, param2: String): editarMembre","cat.copernic.bergants.editarMembre.Companion.newInstance"]},{"name":"fun newInstance(param1: String, param2: String): editar_cotxe","description":"cat.copernic.bergants.editar_cotxe.Companion.newInstance","location":"app/cat.copernic.bergants/editar_cotxe/-companion/new-instance.html","searchKeys":["newInstance","fun newInstance(param1: String, param2: String): editar_cotxe","cat.copernic.bergants.editar_cotxe.Companion.newInstance"]},{"name":"fun newInstance(param1: String, param2: String): perfil","description":"cat.copernic.bergants.perfil.Companion.newInstance","location":"app/cat.copernic.bergants/perfil/-companion/new-instance.html","searchKeys":["newInstance","fun newInstance(param1: String, param2: String): perfil","cat.copernic.bergants.perfil.Companion.newInstance"]},{"name":"fun noticia_canvi()","description":"cat.copernic.bergants.noticia_canvi.noticia_canvi","location":"app/cat.copernic.bergants/noticia_canvi/noticia_canvi.html","searchKeys":["noticia_canvi","fun noticia_canvi()","cat.copernic.bergants.noticia_canvi.noticia_canvi"]},{"name":"fun perfil()","description":"cat.copernic.bergants.perfil.perfil","location":"app/cat.copernic.bergants/perfil/perfil.html","searchKeys":["perfil","fun perfil()","cat.copernic.bergants.perfil.perfil"]},{"name":"fun registrar(correu: String, contrasenya: String)","description":"cat.copernic.bergants.afegirMembre.registrar","location":"app/cat.copernic.bergants/afegir-membre/registrar.html","searchKeys":["registrar","fun registrar(correu: String, contrasenya: String)","cat.copernic.bergants.afegirMembre.registrar"]},{"name":"fun restaurarContrasenya(correu: String)","description":"cat.copernic.bergants.RecuperarContrasenya.restaurarContrasenya","location":"app/cat.copernic.bergants/-recuperar-contrasenya/restaurar-contrasenya.html","searchKeys":["restaurarContrasenya","fun restaurarContrasenya(correu: String)","cat.copernic.bergants.RecuperarContrasenya.restaurarContrasenya"]},{"name":"fun setProgressBar(bar: ProgressBar)","description":"cat.copernic.bergants.Utilities.setProgressBar","location":"app/cat.copernic.bergants/-utilities/set-progress-bar.html","searchKeys":["setProgressBar","fun setProgressBar(bar: ProgressBar)","cat.copernic.bergants.Utilities.setProgressBar"]},{"name":"fun showProgressBar()","description":"cat.copernic.bergants.Utilities.showProgressBar","location":"app/cat.copernic.bergants/-utilities/show-progress-bar.html","searchKeys":["showProgressBar","fun showProgressBar()","cat.copernic.bergants.Utilities.showProgressBar"]},{"name":"fun updateAssaigList(AssaigList: List<AssaigModel>)","description":"cat.copernic.bergants.adapter.MyAdapter.updateAssaigList","location":"app/cat.copernic.bergants.adapter/-my-adapter/update-assaig-list.html","searchKeys":["updateAssaigList","fun updateAssaigList(AssaigList: List<AssaigModel>)","cat.copernic.bergants.adapter.MyAdapter.updateAssaigList"]},{"name":"lateinit var context: Context","description":"cat.copernic.bergants.adapter.ActuacioRecyclerAdapter.context","location":"app/cat.copernic.bergants.adapter/-actuacio-recycler-adapter/context.html","searchKeys":["context","lateinit var context: Context","cat.copernic.bergants.adapter.ActuacioRecyclerAdapter.context"]},{"name":"lateinit var context: Context","description":"cat.copernic.bergants.adapter.AssaigRecyclerAdapter.context","location":"app/cat.copernic.bergants.adapter/-assaig-recycler-adapter/context.html","searchKeys":["context","lateinit var context: Context","cat.copernic.bergants.adapter.AssaigRecyclerAdapter.context"]},{"name":"lateinit var context: Context","description":"cat.copernic.bergants.adapter.MembreRecyclerAdapter.context","location":"app/cat.copernic.bergants.adapter/-membre-recycler-adapter/context.html","searchKeys":["context","lateinit var context: Context","cat.copernic.bergants.adapter.MembreRecyclerAdapter.context"]},{"name":"lateinit var context: Context","description":"cat.copernic.bergants.adapter.NoticiaRecyclerAdapter.context","location":"app/cat.copernic.bergants.adapter/-noticia-recycler-adapter/context.html","searchKeys":["context","lateinit var context: Context","cat.copernic.bergants.adapter.NoticiaRecyclerAdapter.context"]},{"name":"object Companion","description":"cat.copernic.bergants.AfegirCotxe.Companion","location":"app/cat.copernic.bergants/-afegir-cotxe/-companion/index.html","searchKeys":["Companion","object Companion","cat.copernic.bergants.AfegirCotxe.Companion"]},{"name":"object Companion","description":"cat.copernic.bergants.Configuracio.Companion","location":"app/cat.copernic.bergants/-configuracio/-companion/index.html","searchKeys":["Companion","object Companion","cat.copernic.bergants.Configuracio.Companion"]},{"name":"object Companion","description":"cat.copernic.bergants.UnirseCotxe.Companion","location":"app/cat.copernic.bergants/-unirse-cotxe/-companion/index.html","searchKeys":["Companion","object Companion","cat.copernic.bergants.UnirseCotxe.Companion"]},{"name":"object Companion","description":"cat.copernic.bergants.editarMembre.Companion","location":"app/cat.copernic.bergants/editar-membre/-companion/index.html","searchKeys":["Companion","object Companion","cat.copernic.bergants.editarMembre.Companion"]},{"name":"object Companion","description":"cat.copernic.bergants.editar_cotxe.Companion","location":"app/cat.copernic.bergants/editar_cotxe/-companion/index.html","searchKeys":["Companion","object Companion","cat.copernic.bergants.editar_cotxe.Companion"]},{"name":"object Companion","description":"cat.copernic.bergants.perfil.Companion","location":"app/cat.copernic.bergants/perfil/-companion/index.html","searchKeys":["Companion","object Companion","cat.copernic.bergants.perfil.Companion"]},{"name":"open override fun getItemCount(): Int","description":"cat.copernic.bergants.adapter.ActuacioRecyclerAdapter.getItemCount","location":"app/cat.copernic.bergants.adapter/-actuacio-recycler-adapter/get-item-count.html","searchKeys":["getItemCount","open override fun getItemCount(): Int","cat.copernic.bergants.adapter.ActuacioRecyclerAdapter.getItemCount"]},{"name":"open override fun getItemCount(): Int","description":"cat.copernic.bergants.adapter.AssaigRecyclerAdapter.getItemCount","location":"app/cat.copernic.bergants.adapter/-assaig-recycler-adapter/get-item-count.html","searchKeys":["getItemCount","open override fun getItemCount(): Int","cat.copernic.bergants.adapter.AssaigRecyclerAdapter.getItemCount"]},{"name":"open override fun getItemCount(): Int","description":"cat.copernic.bergants.adapter.MembreRecyclerAdapter.getItemCount","location":"app/cat.copernic.bergants.adapter/-membre-recycler-adapter/get-item-count.html","searchKeys":["getItemCount","open override fun getItemCount(): Int","cat.copernic.bergants.adapter.MembreRecyclerAdapter.getItemCount"]},{"name":"open override fun getItemCount(): Int","description":"cat.copernic.bergants.adapter.MyAdapter.getItemCount","location":"app/cat.copernic.bergants.adapter/-my-adapter/get-item-count.html","searchKeys":["getItemCount","open override fun getItemCount(): Int","cat.copernic.bergants.adapter.MyAdapter.getItemCount"]},{"name":"open override fun getItemCount(): Int","description":"cat.copernic.bergants.adapter.NoticiaRecyclerAdapter.getItemCount","location":"app/cat.copernic.bergants.adapter/-noticia-recycler-adapter/get-item-count.html","searchKeys":["getItemCount","open override fun getItemCount(): Int","cat.copernic.bergants.adapter.NoticiaRecyclerAdapter.getItemCount"]},{"name":"open override fun onBindViewHolder(holder: ActuacioRecyclerAdapter.ViewHolder, position: Int)","description":"cat.copernic.bergants.adapter.ActuacioRecyclerAdapter.onBindViewHolder","location":"app/cat.copernic.bergants.adapter/-actuacio-recycler-adapter/on-bind-view-holder.html","searchKeys":["onBindViewHolder","open override fun onBindViewHolder(holder: ActuacioRecyclerAdapter.ViewHolder, position: Int)","cat.copernic.bergants.adapter.ActuacioRecyclerAdapter.onBindViewHolder"]},{"name":"open override fun onBindViewHolder(holder: AssaigRecyclerAdapter.ViewHolder, position: Int)","description":"cat.copernic.bergants.adapter.AssaigRecyclerAdapter.onBindViewHolder","location":"app/cat.copernic.bergants.adapter/-assaig-recycler-adapter/on-bind-view-holder.html","searchKeys":["onBindViewHolder","open override fun onBindViewHolder(holder: AssaigRecyclerAdapter.ViewHolder, position: Int)","cat.copernic.bergants.adapter.AssaigRecyclerAdapter.onBindViewHolder"]},{"name":"open override fun onBindViewHolder(holder: MembreRecyclerAdapter.ViewHolder, position: Int)","description":"cat.copernic.bergants.adapter.MembreRecyclerAdapter.onBindViewHolder","location":"app/cat.copernic.bergants.adapter/-membre-recycler-adapter/on-bind-view-holder.html","searchKeys":["onBindViewHolder","open override fun onBindViewHolder(holder: MembreRecyclerAdapter.ViewHolder, position: Int)","cat.copernic.bergants.adapter.MembreRecyclerAdapter.onBindViewHolder"]},{"name":"open override fun onBindViewHolder(holder: MyAdapter.MyViewHolder, position: Int)","description":"cat.copernic.bergants.adapter.MyAdapter.onBindViewHolder","location":"app/cat.copernic.bergants.adapter/-my-adapter/on-bind-view-holder.html","searchKeys":["onBindViewHolder","open override fun onBindViewHolder(holder: MyAdapter.MyViewHolder, position: Int)","cat.copernic.bergants.adapter.MyAdapter.onBindViewHolder"]},{"name":"open override fun onBindViewHolder(holder: NoticiaRecyclerAdapter.ViewHolder, position: Int)","description":"cat.copernic.bergants.adapter.NoticiaRecyclerAdapter.onBindViewHolder","location":"app/cat.copernic.bergants.adapter/-noticia-recycler-adapter/on-bind-view-holder.html","searchKeys":["onBindViewHolder","open override fun onBindViewHolder(holder: NoticiaRecyclerAdapter.ViewHolder, position: Int)","cat.copernic.bergants.adapter.NoticiaRecyclerAdapter.onBindViewHolder"]},{"name":"open override fun onCreate(savedInstanceState: Bundle?)","description":"cat.copernic.bergants.AfegirCotxe.onCreate","location":"app/cat.copernic.bergants/-afegir-cotxe/on-create.html","searchKeys":["onCreate","open override fun onCreate(savedInstanceState: Bundle?)","cat.copernic.bergants.AfegirCotxe.onCreate"]},{"name":"open override fun onCreate(savedInstanceState: Bundle?)","description":"cat.copernic.bergants.Configuracio.onCreate","location":"app/cat.copernic.bergants/-configuracio/on-create.html","searchKeys":["onCreate","open override fun onCreate(savedInstanceState: Bundle?)","cat.copernic.bergants.Configuracio.onCreate"]},{"name":"open override fun onCreate(savedInstanceState: Bundle?)","description":"cat.copernic.bergants.UnirseCotxe.onCreate","location":"app/cat.copernic.bergants/-unirse-cotxe/on-create.html","searchKeys":["onCreate","open override fun onCreate(savedInstanceState: Bundle?)","cat.copernic.bergants.UnirseCotxe.onCreate"]},{"name":"open override fun onCreate(savedInstanceState: Bundle?)","description":"cat.copernic.bergants.editarMembre.onCreate","location":"app/cat.copernic.bergants/editar-membre/on-create.html","searchKeys":["onCreate","open override fun onCreate(savedInstanceState: Bundle?)","cat.copernic.bergants.editarMembre.onCreate"]},{"name":"open override fun onCreate(savedInstanceState: Bundle?)","description":"cat.copernic.bergants.editar_cotxe.onCreate","location":"app/cat.copernic.bergants/editar_cotxe/on-create.html","searchKeys":["onCreate","open override fun onCreate(savedInstanceState: Bundle?)","cat.copernic.bergants.editar_cotxe.onCreate"]},{"name":"open override fun onCreate(savedInstanceState: Bundle?)","description":"cat.copernic.bergants.perfil.onCreate","location":"app/cat.copernic.bergants/perfil/on-create.html","searchKeys":["onCreate","open override fun onCreate(savedInstanceState: Bundle?)","cat.copernic.bergants.perfil.onCreate"]},{"name":"open override fun onCreateView(inflater: LayoutInflater, container: ViewGroup?, savedInstanceState: Bundle?): View?","description":"cat.copernic.bergants.AfegirActuacio.onCreateView","location":"app/cat.copernic.bergants/-afegir-actuacio/on-create-view.html","searchKeys":["onCreateView","open override fun onCreateView(inflater: LayoutInflater, container: ViewGroup?, savedInstanceState: Bundle?): View?","cat.copernic.bergants.AfegirActuacio.onCreateView"]},{"name":"open override fun onCreateView(inflater: LayoutInflater, container: ViewGroup?, savedInstanceState: Bundle?): View?","description":"cat.copernic.bergants.AfegirAssaig.onCreateView","location":"app/cat.copernic.bergants/-afegir-assaig/on-create-view.html","searchKeys":["onCreateView","open override fun onCreateView(inflater: LayoutInflater, container: ViewGroup?, savedInstanceState: Bundle?): View?","cat.copernic.bergants.AfegirAssaig.onCreateView"]},{"name":"open override fun onCreateView(inflater: LayoutInflater, container: ViewGroup?, savedInstanceState: Bundle?): View?","description":"cat.copernic.bergants.AfegirCotxe.onCreateView","location":"app/cat.copernic.bergants/-afegir-cotxe/on-create-view.html","searchKeys":["onCreateView","open override fun onCreateView(inflater: LayoutInflater, container: ViewGroup?, savedInstanceState: Bundle?): View?","cat.copernic.bergants.AfegirCotxe.onCreateView"]},{"name":"open override fun onCreateView(inflater: LayoutInflater, container: ViewGroup?, savedInstanceState: Bundle?): View?","description":"cat.copernic.bergants.AfegirNoticia.onCreateView","location":"app/cat.copernic.bergants/-afegir-noticia/on-create-view.html","searchKeys":["onCreateView","open override fun onCreateView(inflater: LayoutInflater, container: ViewGroup?, savedInstanceState: Bundle?): View?","cat.copernic.bergants.AfegirNoticia.onCreateView"]},{"name":"open override fun onCreateView(inflater: LayoutInflater, container: ViewGroup?, savedInstanceState: Bundle?): View?","description":"cat.copernic.bergants.Configuracio.onCreateView","location":"app/cat.copernic.bergants/-configuracio/on-create-view.html","searchKeys":["onCreateView","open override fun onCreateView(inflater: LayoutInflater, container: ViewGroup?, savedInstanceState: Bundle?): View?","cat.copernic.bergants.Configuracio.onCreateView"]},{"name":"open override fun onCreateView(inflater: LayoutInflater, container: ViewGroup?, savedInstanceState: Bundle?): View?","description":"cat.copernic.bergants.InformacioActuacio.onCreateView","location":"app/cat.copernic.bergants/-informacio-actuacio/on-create-view.html","searchKeys":["onCreateView","open override fun onCreateView(inflater: LayoutInflater, container: ViewGroup?, savedInstanceState: Bundle?): View?","cat.copernic.bergants.InformacioActuacio.onCreateView"]},{"name":"open override fun onCreateView(inflater: LayoutInflater, container: ViewGroup?, savedInstanceState: Bundle?): View?","description":"cat.copernic.bergants.InformacioAssaig.onCreateView","location":"app/cat.copernic.bergants/-informacio-assaig/on-create-view.html","searchKeys":["onCreateView","open override fun onCreateView(inflater: LayoutInflater, container: ViewGroup?, savedInstanceState: Bundle?): View?","cat.copernic.bergants.InformacioAssaig.onCreateView"]},{"name":"open override fun onCreateView(inflater: LayoutInflater, container: ViewGroup?, savedInstanceState: Bundle?): View?","description":"cat.copernic.bergants.InformacioAssaigAdminPinyes.onCreateView","location":"app/cat.copernic.bergants/-informacio-assaig-admin-pinyes/on-create-view.html","searchKeys":["onCreateView","open override fun onCreateView(inflater: LayoutInflater, container: ViewGroup?, savedInstanceState: Bundle?): View?","cat.copernic.bergants.InformacioAssaigAdminPinyes.onCreateView"]},{"name":"open override fun onCreateView(inflater: LayoutInflater, container: ViewGroup?, savedInstanceState: Bundle?): View?","description":"cat.copernic.bergants.UnirseCotxe.onCreateView","location":"app/cat.copernic.bergants/-unirse-cotxe/on-create-view.html","searchKeys":["onCreateView","open override fun onCreateView(inflater: LayoutInflater, container: ViewGroup?, savedInstanceState: Bundle?): View?","cat.copernic.bergants.UnirseCotxe.onCreateView"]},{"name":"open override fun onCreateView(inflater: LayoutInflater, container: ViewGroup?, savedInstanceState: Bundle?): View?","description":"cat.copernic.bergants.actuacio.onCreateView","location":"app/cat.copernic.bergants/actuacio/on-create-view.html","searchKeys":["onCreateView","open override fun onCreateView(inflater: LayoutInflater, container: ViewGroup?, savedInstanceState: Bundle?): View?","cat.copernic.bergants.actuacio.onCreateView"]},{"name":"open override fun onCreateView(inflater: LayoutInflater, container: ViewGroup?, savedInstanceState: Bundle?): View?","description":"cat.copernic.bergants.afegirMembre.onCreateView","location":"app/cat.copernic.bergants/afegir-membre/on-create-view.html","searchKeys":["onCreateView","open override fun onCreateView(inflater: LayoutInflater, container: ViewGroup?, savedInstanceState: Bundle?): View?","cat.copernic.bergants.afegirMembre.onCreateView"]},{"name":"open override fun onCreateView(inflater: LayoutInflater, container: ViewGroup?, savedInstanceState: Bundle?): View?","description":"cat.copernic.bergants.afegir_actuacio_bus.onCreateView","location":"app/cat.copernic.bergants/afegir_actuacio_bus/on-create-view.html","searchKeys":["onCreateView","open override fun onCreateView(inflater: LayoutInflater, container: ViewGroup?, savedInstanceState: Bundle?): View?","cat.copernic.bergants.afegir_actuacio_bus.onCreateView"]},{"name":"open override fun onCreateView(inflater: LayoutInflater, container: ViewGroup?, savedInstanceState: Bundle?): View?","description":"cat.copernic.bergants.assajos.onCreateView","location":"app/cat.copernic.bergants/assajos/on-create-view.html","searchKeys":["onCreateView","open override fun onCreateView(inflater: LayoutInflater, container: ViewGroup?, savedInstanceState: Bundle?): View?","cat.copernic.bergants.assajos.onCreateView"]},{"name":"open override fun onCreateView(inflater: LayoutInflater, container: ViewGroup?, savedInstanceState: Bundle?): View?","description":"cat.copernic.bergants.editarMembre.onCreateView","location":"app/cat.copernic.bergants/editar-membre/on-create-view.html","searchKeys":["onCreateView","open override fun onCreateView(inflater: LayoutInflater, container: ViewGroup?, savedInstanceState: Bundle?): View?","cat.copernic.bergants.editarMembre.onCreateView"]},{"name":"open override fun onCreateView(inflater: LayoutInflater, container: ViewGroup?, savedInstanceState: Bundle?): View?","description":"cat.copernic.bergants.editar_actuacio.onCreateView","location":"app/cat.copernic.bergants/editar_actuacio/on-create-view.html","searchKeys":["onCreateView","open override fun onCreateView(inflater: LayoutInflater, container: ViewGroup?, savedInstanceState: Bundle?): View?","cat.copernic.bergants.editar_actuacio.onCreateView"]},{"name":"open override fun onCreateView(inflater: LayoutInflater, container: ViewGroup?, savedInstanceState: Bundle?): View?","description":"cat.copernic.bergants.editar_assaig.onCreateView","location":"app/cat.copernic.bergants/editar_assaig/on-create-view.html","searchKeys":["onCreateView","open override fun onCreateView(inflater: LayoutInflater, container: ViewGroup?, savedInstanceState: Bundle?): View?","cat.copernic.bergants.editar_assaig.onCreateView"]},{"name":"open override fun onCreateView(inflater: LayoutInflater, container: ViewGroup?, savedInstanceState: Bundle?): View?","description":"cat.copernic.bergants.editar_cotxe.onCreateView","location":"app/cat.copernic.bergants/editar_cotxe/on-create-view.html","searchKeys":["onCreateView","open override fun onCreateView(inflater: LayoutInflater, container: ViewGroup?, savedInstanceState: Bundle?): View?","cat.copernic.bergants.editar_cotxe.onCreateView"]},{"name":"open override fun onCreateView(inflater: LayoutInflater, container: ViewGroup?, savedInstanceState: Bundle?): View?","description":"cat.copernic.bergants.editar_noticia.onCreateView","location":"app/cat.copernic.bergants/editar_noticia/on-create-view.html","searchKeys":["onCreateView","open override fun onCreateView(inflater: LayoutInflater, container: ViewGroup?, savedInstanceState: Bundle?): View?","cat.copernic.bergants.editar_noticia.onCreateView"]},{"name":"open override fun onCreateView(inflater: LayoutInflater, container: ViewGroup?, savedInstanceState: Bundle?): View?","description":"cat.copernic.bergants.membres.onCreateView","location":"app/cat.copernic.bergants/membres/on-create-view.html","searchKeys":["onCreateView","open override fun onCreateView(inflater: LayoutInflater, container: ViewGroup?, savedInstanceState: Bundle?): View?","cat.copernic.bergants.membres.onCreateView"]},{"name":"open override fun onCreateView(inflater: LayoutInflater, container: ViewGroup?, savedInstanceState: Bundle?): View?","description":"cat.copernic.bergants.noticia_canvi.onCreateView","location":"app/cat.copernic.bergants/noticia_canvi/on-create-view.html","searchKeys":["onCreateView","open override fun onCreateView(inflater: LayoutInflater, container: ViewGroup?, savedInstanceState: Bundle?): View?","cat.copernic.bergants.noticia_canvi.onCreateView"]},{"name":"open override fun onCreateView(inflater: LayoutInflater, container: ViewGroup?, savedInstanceState: Bundle?): View?","description":"cat.copernic.bergants.perfil.onCreateView","location":"app/cat.copernic.bergants/perfil/on-create-view.html","searchKeys":["onCreateView","open override fun onCreateView(inflater: LayoutInflater, container: ViewGroup?, savedInstanceState: Bundle?): View?","cat.copernic.bergants.perfil.onCreateView"]},{"name":"open override fun onCreateViewHolder(parent: ViewGroup, viewType: Int): ActuacioRecyclerAdapter.ViewHolder","description":"cat.copernic.bergants.adapter.ActuacioRecyclerAdapter.onCreateViewHolder","location":"app/cat.copernic.bergants.adapter/-actuacio-recycler-adapter/on-create-view-holder.html","searchKeys":["onCreateViewHolder","open override fun onCreateViewHolder(parent: ViewGroup, viewType: Int): ActuacioRecyclerAdapter.ViewHolder","cat.copernic.bergants.adapter.ActuacioRecyclerAdapter.onCreateViewHolder"]},{"name":"open override fun onCreateViewHolder(parent: ViewGroup, viewType: Int): AssaigRecyclerAdapter.ViewHolder","description":"cat.copernic.bergants.adapter.AssaigRecyclerAdapter.onCreateViewHolder","location":"app/cat.copernic.bergants.adapter/-assaig-recycler-adapter/on-create-view-holder.html","searchKeys":["onCreateViewHolder","open override fun onCreateViewHolder(parent: ViewGroup, viewType: Int): AssaigRecyclerAdapter.ViewHolder","cat.copernic.bergants.adapter.AssaigRecyclerAdapter.onCreateViewHolder"]},{"name":"open override fun onCreateViewHolder(parent: ViewGroup, viewType: Int): MembreRecyclerAdapter.ViewHolder","description":"cat.copernic.bergants.adapter.MembreRecyclerAdapter.onCreateViewHolder","location":"app/cat.copernic.bergants.adapter/-membre-recycler-adapter/on-create-view-holder.html","searchKeys":["onCreateViewHolder","open override fun onCreateViewHolder(parent: ViewGroup, viewType: Int): MembreRecyclerAdapter.ViewHolder","cat.copernic.bergants.adapter.MembreRecyclerAdapter.onCreateViewHolder"]},{"name":"open override fun onCreateViewHolder(parent: ViewGroup, viewType: Int): MyAdapter.MyViewHolder","description":"cat.copernic.bergants.adapter.MyAdapter.onCreateViewHolder","location":"app/cat.copernic.bergants.adapter/-my-adapter/on-create-view-holder.html","searchKeys":["onCreateViewHolder","open override fun onCreateViewHolder(parent: ViewGroup, viewType: Int): MyAdapter.MyViewHolder","cat.copernic.bergants.adapter.MyAdapter.onCreateViewHolder"]},{"name":"open override fun onCreateViewHolder(parent: ViewGroup, viewType: Int): NoticiaRecyclerAdapter.ViewHolder","description":"cat.copernic.bergants.adapter.NoticiaRecyclerAdapter.onCreateViewHolder","location":"app/cat.copernic.bergants.adapter/-noticia-recycler-adapter/on-create-view-holder.html","searchKeys":["onCreateViewHolder","open override fun onCreateViewHolder(parent: ViewGroup, viewType: Int): NoticiaRecyclerAdapter.ViewHolder","cat.copernic.bergants.adapter.NoticiaRecyclerAdapter.onCreateViewHolder"]},{"name":"open override fun onSupportNavigateUp(): Boolean","description":"cat.copernic.bergants.MainActivity.onSupportNavigateUp","location":"app/cat.copernic.bergants/-main-activity/on-support-navigate-up.html","searchKeys":["onSupportNavigateUp","open override fun onSupportNavigateUp(): Boolean","cat.copernic.bergants.MainActivity.onSupportNavigateUp"]},{"name":"open override fun onViewCreated(view: View, savedInstanceState: Bundle?)","description":"cat.copernic.bergants.AfegirActuacio.onViewCreated","location":"app/cat.copernic.bergants/-afegir-actuacio/on-view-created.html","searchKeys":["onViewCreated","open override fun onViewCreated(view: View, savedInstanceState: Bundle?)","cat.copernic.bergants.AfegirActuacio.onViewCreated"]},{"name":"open override fun onViewCreated(view: View, savedInstanceState: Bundle?)","description":"cat.copernic.bergants.AfegirAssaig.onViewCreated","location":"app/cat.copernic.bergants/-afegir-assaig/on-view-created.html","searchKeys":["onViewCreated","open override fun onViewCreated(view: View, savedInstanceState: Bundle?)","cat.copernic.bergants.AfegirAssaig.onViewCreated"]},{"name":"open override fun onViewCreated(view: View, savedInstanceState: Bundle?)","description":"cat.copernic.bergants.AfegirNoticia.onViewCreated","location":"app/cat.copernic.bergants/-afegir-noticia/on-view-created.html","searchKeys":["onViewCreated","open override fun onViewCreated(view: View, savedInstanceState: Bundle?)","cat.copernic.bergants.AfegirNoticia.onViewCreated"]},{"name":"open override fun onViewCreated(view: View, savedInstanceState: Bundle?)","description":"cat.copernic.bergants.Configuracio.onViewCreated","location":"app/cat.copernic.bergants/-configuracio/on-view-created.html","searchKeys":["onViewCreated","open override fun onViewCreated(view: View, savedInstanceState: Bundle?)","cat.copernic.bergants.Configuracio.onViewCreated"]},{"name":"open override fun onViewCreated(view: View, savedInstanceState: Bundle?)","description":"cat.copernic.bergants.InformacioActuacio.onViewCreated","location":"app/cat.copernic.bergants/-informacio-actuacio/on-view-created.html","searchKeys":["onViewCreated","open override fun onViewCreated(view: View, savedInstanceState: Bundle?)","cat.copernic.bergants.InformacioActuacio.onViewCreated"]},{"name":"open override fun onViewCreated(view: View, savedInstanceState: Bundle?)","description":"cat.copernic.bergants.InformacioAssaigAdminPinyes.onViewCreated","location":"app/cat.copernic.bergants/-informacio-assaig-admin-pinyes/on-view-created.html","searchKeys":["onViewCreated","open override fun onViewCreated(view: View, savedInstanceState: Bundle?)","cat.copernic.bergants.InformacioAssaigAdminPinyes.onViewCreated"]},{"name":"open override fun onViewCreated(view: View, savedInstanceState: Bundle?)","description":"cat.copernic.bergants.actuacio.onViewCreated","location":"app/cat.copernic.bergants/actuacio/on-view-created.html","searchKeys":["onViewCreated","open override fun onViewCreated(view: View, savedInstanceState: Bundle?)","cat.copernic.bergants.actuacio.onViewCreated"]},{"name":"open override fun onViewCreated(view: View, savedInstanceState: Bundle?)","description":"cat.copernic.bergants.afegirMembre.onViewCreated","location":"app/cat.copernic.bergants/afegir-membre/on-view-created.html","searchKeys":["onViewCreated","open override fun onViewCreated(view: View, savedInstanceState: Bundle?)","cat.copernic.bergants.afegirMembre.onViewCreated"]},{"name":"open override fun onViewCreated(view: View, savedInstanceState: Bundle?)","description":"cat.copernic.bergants.afegir_actuacio_bus.onViewCreated","location":"app/cat.copernic.bergants/afegir_actuacio_bus/on-view-created.html","searchKeys":["onViewCreated","open override fun onViewCreated(view: View, savedInstanceState: Bundle?)","cat.copernic.bergants.afegir_actuacio_bus.onViewCreated"]},{"name":"open override fun onViewCreated(view: View, savedInstanceState: Bundle?)","description":"cat.copernic.bergants.assajos.onViewCreated","location":"app/cat.copernic.bergants/assajos/on-view-created.html","searchKeys":["onViewCreated","open override fun onViewCreated(view: View, savedInstanceState: Bundle?)","cat.copernic.bergants.assajos.onViewCreated"]},{"name":"open override fun onViewCreated(view: View, savedInstanceState: Bundle?)","description":"cat.copernic.bergants.editar_actuacio.onViewCreated","location":"app/cat.copernic.bergants/editar_actuacio/on-view-created.html","searchKeys":["onViewCreated","open override fun onViewCreated(view: View, savedInstanceState: Bundle?)","cat.copernic.bergants.editar_actuacio.onViewCreated"]},{"name":"open override fun onViewCreated(view: View, savedInstanceState: Bundle?)","description":"cat.copernic.bergants.editar_assaig.onViewCreated","location":"app/cat.copernic.bergants/editar_assaig/on-view-created.html","searchKeys":["onViewCreated","open override fun onViewCreated(view: View, savedInstanceState: Bundle?)","cat.copernic.bergants.editar_assaig.onViewCreated"]},{"name":"open override fun onViewCreated(view: View, savedInstanceState: Bundle?)","description":"cat.copernic.bergants.editar_noticia.onViewCreated","location":"app/cat.copernic.bergants/editar_noticia/on-view-created.html","searchKeys":["onViewCreated","open override fun onViewCreated(view: View, savedInstanceState: Bundle?)","cat.copernic.bergants.editar_noticia.onViewCreated"]},{"name":"open override fun onViewCreated(view: View, savedInstanceState: Bundle?)","description":"cat.copernic.bergants.membres.onViewCreated","location":"app/cat.copernic.bergants/membres/on-view-created.html","searchKeys":["onViewCreated","open override fun onViewCreated(view: View, savedInstanceState: Bundle?)","cat.copernic.bergants.membres.onViewCreated"]},{"name":"open override fun onViewCreated(view: View, savedInstanceState: Bundle?)","description":"cat.copernic.bergants.noticia_canvi.onViewCreated","location":"app/cat.copernic.bergants/noticia_canvi/on-view-created.html","searchKeys":["onViewCreated","open override fun onViewCreated(view: View, savedInstanceState: Bundle?)","cat.copernic.bergants.noticia_canvi.onViewCreated"]},{"name":"val adress: String","description":"cat.copernic.bergants.model.MembreModel.adress","location":"app/cat.copernic.bergants.model/-membre-model/adress.html","searchKeys":["adress","val adress: String","cat.copernic.bergants.model.MembreModel.adress"]},{"name":"val allAssaig: LiveData<List<AssaigModel>>","description":"cat.copernic.bergants.model.AssaigViewModel.allAssaig","location":"app/cat.copernic.bergants.model/-assaig-view-model/all-assaig.html","searchKeys":["allAssaig","val allAssaig: LiveData<List<AssaigModel>>","cat.copernic.bergants.model.AssaigViewModel.allAssaig"]},{"name":"val autocar: ArrayList<BusModel>","description":"cat.copernic.bergants.model.ActuacioBusModel.autocar","location":"app/cat.copernic.bergants.model/-actuacio-bus-model/autocar.html","searchKeys":["autocar","val autocar: ArrayList<BusModel>","cat.copernic.bergants.model.ActuacioBusModel.autocar"]},{"name":"val binding: <Error class: unknown class>","description":"cat.copernic.bergants.adapter.ActuacioRecyclerAdapter.ViewHolder.binding","location":"app/cat.copernic.bergants.adapter/-actuacio-recycler-adapter/-view-holder/binding.html","searchKeys":["binding","val binding: <Error class: unknown class>","cat.copernic.bergants.adapter.ActuacioRecyclerAdapter.ViewHolder.binding"]},{"name":"val binding: <Error class: unknown class>","description":"cat.copernic.bergants.adapter.AssaigRecyclerAdapter.ViewHolder.binding","location":"app/cat.copernic.bergants.adapter/-assaig-recycler-adapter/-view-holder/binding.html","searchKeys":["binding","val binding: <Error class: unknown class>","cat.copernic.bergants.adapter.AssaigRecyclerAdapter.ViewHolder.binding"]},{"name":"val binding: <Error class: unknown class>","description":"cat.copernic.bergants.adapter.MembreRecyclerAdapter.ViewHolder.binding","location":"app/cat.copernic.bergants.adapter/-membre-recycler-adapter/-view-holder/binding.html","searchKeys":["binding","val binding: <Error class: unknown class>","cat.copernic.bergants.adapter.MembreRecyclerAdapter.ViewHolder.binding"]},{"name":"val binding: <Error class: unknown class>","description":"cat.copernic.bergants.adapter.NoticiaRecyclerAdapter.ViewHolder.binding","location":"app/cat.copernic.bergants.adapter/-noticia-recycler-adapter/-view-holder/binding.html","searchKeys":["binding","val binding: <Error class: unknown class>","cat.copernic.bergants.adapter.NoticiaRecyclerAdapter.ViewHolder.binding"]},{"name":"val data: String","description":"cat.copernic.bergants.model.ActuacioModel.data","location":"app/cat.copernic.bergants.model/-actuacio-model/data.html","searchKeys":["data","val data: String","cat.copernic.bergants.model.ActuacioModel.data"]},{"name":"val data: String","description":"cat.copernic.bergants.model.AssaigModel.data","location":"app/cat.copernic.bergants.model/-assaig-model/data.html","searchKeys":["data","val data: String","cat.copernic.bergants.model.AssaigModel.data"]},{"name":"val dataActuacio: String","description":"cat.copernic.bergants.model.ActuacioBusModel.dataActuacio","location":"app/cat.copernic.bergants.model/-actuacio-bus-model/data-actuacio.html","searchKeys":["dataActuacio","val dataActuacio: String","cat.copernic.bergants.model.ActuacioBusModel.dataActuacio"]},{"name":"val dataAssaig: TextView","description":"cat.copernic.bergants.adapter.MyAdapter.MyViewHolder.dataAssaig","location":"app/cat.copernic.bergants.adapter/-my-adapter/-my-view-holder/data-assaig.html","searchKeys":["dataAssaig","val dataAssaig: TextView","cat.copernic.bergants.adapter.MyAdapter.MyViewHolder.dataAssaig"]},{"name":"val date: String","description":"cat.copernic.bergants.model.MembreModel.date","location":"app/cat.copernic.bergants.model/-membre-model/date.html","searchKeys":["date","val date: String","cat.copernic.bergants.model.MembreModel.date"]},{"name":"val email: String","description":"cat.copernic.bergants.model.MembreModel.email","location":"app/cat.copernic.bergants.model/-membre-model/email.html","searchKeys":["email","val email: String","cat.copernic.bergants.model.MembreModel.email"]},{"name":"val espatlles: String","description":"cat.copernic.bergants.model.MembreModel.espatlles","location":"app/cat.copernic.bergants.model/-membre-model/espatlles.html","searchKeys":["espatlles","val espatlles: String","cat.copernic.bergants.model.MembreModel.espatlles"]},{"name":"val foto: String","description":"cat.copernic.bergants.Membre.foto","location":"app/cat.copernic.bergants/-membre/foto.html","searchKeys":["foto","val foto: String","cat.copernic.bergants.Membre.foto"]},{"name":"val horariBus: String","description":"cat.copernic.bergants.model.BusModel.horariBus","location":"app/cat.copernic.bergants.model/-bus-model/horari-bus.html","searchKeys":["horariBus","val horariBus: String","cat.copernic.bergants.model.BusModel.horariBus"]},{"name":"val lloc: String","description":"cat.copernic.bergants.model.ActuacioModel.lloc","location":"app/cat.copernic.bergants.model/-actuacio-model/lloc.html","searchKeys":["lloc","val lloc: String","cat.copernic.bergants.model.ActuacioModel.lloc"]},{"name":"val lloc: String","description":"cat.copernic.bergants.model.AssaigModel.lloc","location":"app/cat.copernic.bergants.model/-assaig-model/lloc.html","searchKeys":["lloc","val lloc: String","cat.copernic.bergants.model.AssaigModel.lloc"]},{"name":"val llocActuacio: String","description":"cat.copernic.bergants.model.ActuacioBusModel.llocActuacio","location":"app/cat.copernic.bergants.model/-actuacio-bus-model/lloc-actuacio.html","searchKeys":["llocActuacio","val llocActuacio: String","cat.copernic.bergants.model.ActuacioBusModel.llocActuacio"]},{"name":"val llocAssaig: TextView","description":"cat.copernic.bergants.adapter.MyAdapter.MyViewHolder.llocAssaig","location":"app/cat.copernic.bergants.adapter/-my-adapter/-my-view-holder/lloc-assaig.html","searchKeys":["llocAssaig","val llocAssaig: TextView","cat.copernic.bergants.adapter.MyAdapter.MyViewHolder.llocAssaig"]},{"name":"val malname: String","description":"cat.copernic.bergants.model.MembreModel.malname","location":"app/cat.copernic.bergants.model/-membre-model/malname.html","searchKeys":["malname","val malname: String","cat.copernic.bergants.model.MembreModel.malname"]},{"name":"val mans: String","description":"cat.copernic.bergants.model.MembreModel.mans","location":"app/cat.copernic.bergants.model/-membre-model/mans.html","searchKeys":["mans","val mans: String","cat.copernic.bergants.model.MembreModel.mans"]},{"name":"val name: String","description":"cat.copernic.bergants.model.MembreModel.name","location":"app/cat.copernic.bergants.model/-membre-model/name.html","searchKeys":["name","val name: String","cat.copernic.bergants.model.MembreModel.name"]},{"name":"val nom: String","description":"cat.copernic.bergants.Membre.nom","location":"app/cat.copernic.bergants/-membre/nom.html","searchKeys":["nom","val nom: String","cat.copernic.bergants.Membre.nom"]},{"name":"val placesBus: String","description":"cat.copernic.bergants.model.BusModel.placesBus","location":"app/cat.copernic.bergants.model/-bus-model/places-bus.html","searchKeys":["placesBus","val placesBus: String","cat.copernic.bergants.model.BusModel.placesBus"]},{"name":"val rol: String","description":"cat.copernic.bergants.model.MembreModel.rol","location":"app/cat.copernic.bergants.model/-membre-model/rol.html","searchKeys":["rol","val rol: String","cat.copernic.bergants.model.MembreModel.rol"]},{"name":"val telefon: String","description":"cat.copernic.bergants.model.MembreModel.telefon","location":"app/cat.copernic.bergants.model/-membre-model/telefon.html","searchKeys":["telefon","val telefon: String","cat.copernic.bergants.model.MembreModel.telefon"]},{"name":"val title: String","description":"cat.copernic.bergants.model.ActuacioModel.title","location":"app/cat.copernic.bergants.model/-actuacio-model/title.html","searchKeys":["title","val title: String","cat.copernic.bergants.model.ActuacioModel.title"]},{"name":"val title: String","description":"cat.copernic.bergants.model.AssaigModel.title","location":"app/cat.copernic.bergants.model/-assaig-model/title.html","searchKeys":["title","val title: String","cat.copernic.bergants.model.AssaigModel.title"]},{"name":"val titolActuacio: String","description":"cat.copernic.bergants.model.ActuacioBusModel.titolActuacio","location":"app/cat.copernic.bergants.model/-actuacio-bus-model/titol-actuacio.html","searchKeys":["titolActuacio","val titolActuacio: String","cat.copernic.bergants.model.ActuacioBusModel.titolActuacio"]},{"name":"val titolAssaig: TextView","description":"cat.copernic.bergants.adapter.MyAdapter.MyViewHolder.titolAssaig","location":"app/cat.copernic.bergants.adapter/-my-adapter/-my-view-holder/titol-assaig.html","searchKeys":["titolAssaig","val titolAssaig: TextView","cat.copernic.bergants.adapter.MyAdapter.MyViewHolder.titolAssaig"]},{"name":"val ubicacioBus: String","description":"cat.copernic.bergants.model.BusModel.ubicacioBus","location":"app/cat.copernic.bergants.model/-bus-model/ubicacio-bus.html","searchKeys":["ubicacioBus","val ubicacioBus: String","cat.copernic.bergants.model.BusModel.ubicacioBus"]},{"name":"var actuacions: MutableList<ActuacioModel>","description":"cat.copernic.bergants.adapter.ActuacioRecyclerAdapter.actuacions","location":"app/cat.copernic.bergants.adapter/-actuacio-recycler-adapter/actuacions.html","searchKeys":["actuacions","var actuacions: MutableList<ActuacioModel>","cat.copernic.bergants.adapter.ActuacioRecyclerAdapter.actuacions"]},{"name":"var adrecaMembre: String? = null","description":"cat.copernic.bergants.model.MembreModel.adrecaMembre","location":"app/cat.copernic.bergants.model/-membre-model/adreca-membre.html","searchKeys":["adrecaMembre","var adrecaMembre: String? = null","cat.copernic.bergants.model.MembreModel.adrecaMembre"]},{"name":"var alcadaEspatlles: String? = null","description":"cat.copernic.bergants.model.MembreModel.alcadaEspatlles","location":"app/cat.copernic.bergants.model/-membre-model/alcada-espatlles.html","searchKeys":["alcadaEspatlles","var alcadaEspatlles: String? = null","cat.copernic.bergants.model.MembreModel.alcadaEspatlles"]},{"name":"var alcadaMans: String? = null","description":"cat.copernic.bergants.model.MembreModel.alcadaMans","location":"app/cat.copernic.bergants.model/-membre-model/alcada-mans.html","searchKeys":["alcadaMans","var alcadaMans: String? = null","cat.copernic.bergants.model.MembreModel.alcadaMans"]},{"name":"var altaMembre: String? = null","description":"cat.copernic.bergants.model.MembreModel.altaMembre","location":"app/cat.copernic.bergants.model/-membre-model/alta-membre.html","searchKeys":["altaMembre","var altaMembre: String? = null","cat.copernic.bergants.model.MembreModel.altaMembre"]},{"name":"var assajos: MutableList<AssaigModel>","description":"cat.copernic.bergants.adapter.AssaigRecyclerAdapter.assajos","location":"app/cat.copernic.bergants.adapter/-assaig-recycler-adapter/assajos.html","searchKeys":["assajos","var assajos: MutableList<AssaigModel>","cat.copernic.bergants.adapter.AssaigRecyclerAdapter.assajos"]},{"name":"var content: String","description":"cat.copernic.bergants.model.NoticiaModel.content","location":"app/cat.copernic.bergants.model/-noticia-model/content.html","searchKeys":["content","var content: String","cat.copernic.bergants.model.NoticiaModel.content"]},{"name":"var contingutNoticia: String? = null","description":"cat.copernic.bergants.model.NoticiaModel.contingutNoticia","location":"app/cat.copernic.bergants.model/-noticia-model/contingut-noticia.html","searchKeys":["contingutNoticia","var contingutNoticia: String? = null","cat.copernic.bergants.model.NoticiaModel.contingutNoticia"]},{"name":"var correuMembre: String? = null","description":"cat.copernic.bergants.model.MembreModel.correuMembre","location":"app/cat.copernic.bergants.model/-membre-model/correu-membre.html","searchKeys":["correuMembre","var correuMembre: String? = null","cat.copernic.bergants.model.MembreModel.correuMembre"]},{"name":"var dataActuacio: String? = null","description":"cat.copernic.bergants.model.ActuacioModel.dataActuacio","location":"app/cat.copernic.bergants.model/-actuacio-model/data-actuacio.html","searchKeys":["dataActuacio","var dataActuacio: String? = null","cat.copernic.bergants.model.ActuacioModel.dataActuacio"]},{"name":"var dataAssaig: String? = null","description":"cat.copernic.bergants.model.AssaigModel.dataAssaig","location":"app/cat.copernic.bergants.model/-assaig-model/data-assaig.html","searchKeys":["dataAssaig","var dataAssaig: String? = null","cat.copernic.bergants.model.AssaigModel.dataAssaig"]},{"name":"var dataNoticia: String? = null","description":"cat.copernic.bergants.model.NoticiaModel.dataNoticia","location":"app/cat.copernic.bergants.model/-noticia-model/data-noticia.html","searchKeys":["dataNoticia","var dataNoticia: String? = null","cat.copernic.bergants.model.NoticiaModel.dataNoticia"]},{"name":"var date: String","description":"cat.copernic.bergants.model.NoticiaModel.date","location":"app/cat.copernic.bergants.model/-noticia-model/date.html","searchKeys":["date","var date: String","cat.copernic.bergants.model.NoticiaModel.date"]},{"name":"var email_Param: Pattern","description":"cat.copernic.bergants.Utilities.email_Param","location":"app/cat.copernic.bergants/-utilities/email_-param.html","searchKeys":["email_Param","var email_Param: Pattern","cat.copernic.bergants.Utilities.email_Param"]},{"name":"var fotoMembre: String? = null","description":"cat.copernic.bergants.Membre.fotoMembre","location":"app/cat.copernic.bergants/-membre/foto-membre.html","searchKeys":["fotoMembre","var fotoMembre: String? = null","cat.copernic.bergants.Membre.fotoMembre"]},{"name":"var llocActuacio: String? = null","description":"cat.copernic.bergants.model.ActuacioModel.llocActuacio","location":"app/cat.copernic.bergants.model/-actuacio-model/lloc-actuacio.html","searchKeys":["llocActuacio","var llocActuacio: String? = null","cat.copernic.bergants.model.ActuacioModel.llocActuacio"]},{"name":"var llocAssaig: String? = null","description":"cat.copernic.bergants.model.AssaigModel.llocAssaig","location":"app/cat.copernic.bergants.model/-assaig-model/lloc-assaig.html","searchKeys":["llocAssaig","var llocAssaig: String? = null","cat.copernic.bergants.model.AssaigModel.llocAssaig"]},{"name":"var malnom: String? = null","description":"cat.copernic.bergants.model.MembreModel.malnom","location":"app/cat.copernic.bergants.model/-membre-model/malnom.html","searchKeys":["malnom","var malnom: String? = null","cat.copernic.bergants.model.MembreModel.malnom"]},{"name":"var membres: MutableList<Membre>","description":"cat.copernic.bergants.adapter.MembreRecyclerAdapter.membres","location":"app/cat.copernic.bergants.adapter/-membre-recycler-adapter/membres.html","searchKeys":["membres","var membres: MutableList<Membre>","cat.copernic.bergants.adapter.MembreRecyclerAdapter.membres"]},{"name":"var nomMembre: String? = null","description":"cat.copernic.bergants.Membre.nomMembre","location":"app/cat.copernic.bergants/-membre/nom-membre.html","searchKeys":["nomMembre","var nomMembre: String? = null","cat.copernic.bergants.Membre.nomMembre"]},{"name":"var nomMembre: String? = null","description":"cat.copernic.bergants.model.MembreModel.nomMembre","location":"app/cat.copernic.bergants.model/-membre-model/nom-membre.html","searchKeys":["nomMembre","var nomMembre: String? = null","cat.copernic.bergants.model.MembreModel.nomMembre"]},{"name":"var noticies: MutableList<NoticiaModel>","description":"cat.copernic.bergants.adapter.NoticiaRecyclerAdapter.noticies","location":"app/cat.copernic.bergants.adapter/-noticia-recycler-adapter/noticies.html","searchKeys":["noticies","var noticies: MutableList<NoticiaModel>","cat.copernic.bergants.adapter.NoticiaRecyclerAdapter.noticies"]},{"name":"var rolMembre: String? = null","description":"cat.copernic.bergants.model.MembreModel.rolMembre","location":"app/cat.copernic.bergants.model/-membre-model/rol-membre.html","searchKeys":["rolMembre","var rolMembre: String? = null","cat.copernic.bergants.model.MembreModel.rolMembre"]},{"name":"var telefonMembre: String? = null","description":"cat.copernic.bergants.model.MembreModel.telefonMembre","location":"app/cat.copernic.bergants.model/-membre-model/telefon-membre.html","searchKeys":["telefonMembre","var telefonMembre: String? = null","cat.copernic.bergants.model.MembreModel.telefonMembre"]},{"name":"var title: String","description":"cat.copernic.bergants.model.NoticiaModel.title","location":"app/cat.copernic.bergants.model/-noticia-model/title.html","searchKeys":["title","var title: String","cat.copernic.bergants.model.NoticiaModel.title"]},{"name":"var titolActuacio: String? = null","description":"cat.copernic.bergants.model.ActuacioModel.titolActuacio","location":"app/cat.copernic.bergants.model/-actuacio-model/titol-actuacio.html","searchKeys":["titolActuacio","var titolActuacio: String? = null","cat.copernic.bergants.model.ActuacioModel.titolActuacio"]},{"name":"var titolAssaig: String? = null","description":"cat.copernic.bergants.model.AssaigModel.titolAssaig","location":"app/cat.copernic.bergants.model/-assaig-model/titol-assaig.html","searchKeys":["titolAssaig","var titolAssaig: String? = null","cat.copernic.bergants.model.AssaigModel.titolAssaig"]},{"name":"var titolNoticia: String? = null","description":"cat.copernic.bergants.model.NoticiaModel.titolNoticia","location":"app/cat.copernic.bergants.model/-noticia-model/titol-noticia.html","searchKeys":["titolNoticia","var titolNoticia: String? = null","cat.copernic.bergants.model.NoticiaModel.titolNoticia"]}]
